City_ID,City,Country,Lat,Lng,Max Temp,Humidity,Cloudiness,Wind Speed,Current Description,Date
0,Saskylakh,RU,71.9167,114.0833,45.61,75,100,9.6,overcast clouds,2022-08-01 04:11:24
1,Lieksa,FI,63.3167,30.0167,57.78,85,26,4.68,scattered clouds,2022-08-01 04:11:25
2,Vaini,TO,-21.2,-175.2,78.96,94,75,6.91,broken clouds,2022-08-01 04:11:26
3,Hermanus,ZA,-34.4187,19.2345,38.8,75,0,7.72,clear sky,2022-08-01 04:11:27
4,Tromso,NO,69.6496,18.957,57.38,82,0,0.0,clear sky,2022-08-01 04:11:28
5,Boa Vista,BR,2.8197,-60.6733,80.58,78,40,2.3,scattered clouds,2022-08-01 04:11:29
6,Kodiak,US,57.79,-152.4072,63.91,72,75,0.0,broken clouds,2022-08-01 04:11:29
7,Dhidhdhoo,MV,6.8833,73.1,78.57,77,100,31.9,heavy intensity rain,2022-08-01 04:11:30
8,Lata,PT,40.1629,-8.3327,68.5,58,0,2.35,clear sky,2022-08-01 04:11:31
9,Mar Del Plata,AR,-38.0023,-57.5575,52.88,88,65,4.0,mist,2022-08-01 04:11:31
10,Bluff,NZ,-46.6,168.3333,51.8,73,100,17.13,overcast clouds,2022-08-01 04:11:32
11,Hobart,AU,-42.8794,147.3294,55.26,63,75,20.71,broken clouds,2022-08-01 04:11:32
12,Pevek,RU,69.7008,170.3133,54.54,49,1,10.27,clear sky,2022-08-01 04:11:33
13,Verkhnyaya Toyma,RU,62.2349,44.9985,59.32,89,10,4.83,clear sky,2022-08-01 04:11:33
14,Vila Velha,BR,-20.3297,-40.2925,69.75,85,75,3.44,broken clouds,2022-08-01 04:11:34
15,Cajati,BR,-24.7361,-48.1228,53.89,98,2,1.63,clear sky,2022-08-01 04:07:28
16,Sitka,US,57.0531,-135.33,57.09,94,100,8.05,light intensity drizzle,2022-08-01 04:11:35
17,Mitoc,RO,48.1,27.0333,64.71,97,100,10.04,light rain,2022-08-01 04:11:36
18,Hasaki,JP,35.7333,140.8333,95.4,66,81,8.77,broken clouds,2022-08-01 04:11:37
19,Busselton,AU,-33.65,115.3333,61.97,74,63,24.92,broken clouds,2022-08-01 04:09:43
20,Rikitea,PF,-23.1203,-134.9692,72.0,75,99,25.64,light rain,2022-08-01 04:09:35
21,Upernavik,GL,72.7868,-56.1549,47.84,64,53,6.22,broken clouds,2022-08-01 04:11:36
22,Santa Cruz De Tenerife,ES,28.4682,-16.2546,80.58,92,100,13.8,fog,2022-08-01 04:11:38
23,Micheweni,TZ,-4.9667,39.8333,73.53,82,61,9.17,broken clouds,2022-08-01 04:11:39
24,Mehamn,NO,71.0357,27.8492,58.95,82,75,3.44,broken clouds,2022-08-01 04:11:40
25,Lapeer,US,43.0514,-83.3188,73.78,60,0,4.61,clear sky,2022-08-01 04:11:40
26,Namibe,AO,-15.1961,12.1522,55.62,80,17,10.45,few clouds,2022-08-01 04:11:41
27,Thompson,CA,55.7435,-97.8558,51.96,100,75,3.44,broken clouds,2022-08-01 04:11:42
28,Jamestown,US,42.097,-79.2353,67.59,88,40,5.75,scattered clouds,2022-08-01 04:11:42
29,Leningradskiy,RU,69.3833,178.4167,50.63,66,54,10.85,broken clouds,2022-08-01 04:11:43
30,Qaanaaq,GL,77.484,-69.3632,43.47,66,85,5.44,overcast clouds,2022-08-01 04:11:44
31,Geraldton,AU,-28.7667,114.6,72.01,56,75,32.21,light rain,2022-08-01 04:11:19
32,Codrington,AU,-38.2667,141.9667,56.53,72,75,18.5,light rain,2022-08-01 04:11:45
33,Lompoc,US,34.6391,-120.4579,75.34,82,0,3.44,clear sky,2022-08-01 04:08:36
34,Klaksvik,FO,62.2266,-6.589,50.38,83,82,11.14,broken clouds,2022-08-01 04:11:46
35,Ushuaia,AR,-54.8,-68.3,35.26,93,0,1.14,clear sky,2022-08-01 04:09:39
36,Boone,US,39.0334,-92.3335,80.4,78,15,6.89,few clouds,2022-08-01 04:11:47
37,Saldanha,ZA,-33.0117,17.9442,49.33,80,0,11.74,clear sky,2022-08-01 04:11:18
38,Porbandar,IN,21.6422,69.6093,82.4,76,90,17.69,overcast clouds,2022-08-01 04:11:48
39,Serang,ID,-6.1149,106.1502,86.05,58,88,7.43,overcast clouds,2022-08-01 04:07:30
40,Punta Arenas,CL,-53.15,-70.9167,42.91,75,75,16.11,broken clouds,2022-08-01 04:11:49
41,Batagay-Alyta,RU,67.8006,130.4114,79.14,36,82,11.74,broken clouds,2022-08-01 04:09:35
42,Melbu,NO,68.5044,14.8297,55.18,94,0,2.3,clear sky,2022-08-01 04:11:50
43,Tuktoyaktuk,CA,69.4541,-133.0374,50.22,77,99,10.67,overcast clouds,2022-08-01 04:11:51
44,East London,ZA,-33.0153,27.9116,47.34,71,0,8.05,clear sky,2022-08-01 04:11:51
45,Avarua,CK,-21.2078,-159.775,75.25,78,75,11.5,broken clouds,2022-08-01 04:09:45
46,Nemuro,JP,43.3236,145.575,59.22,83,100,10.2,overcast clouds,2022-08-01 04:10:57
47,Port Alfred,ZA,-33.5906,26.891,51.96,76,0,9.75,clear sky,2022-08-01 04:11:53
48,Talnakh,RU,69.4865,88.3972,52.21,50,8,23.51,clear sky,2022-08-01 04:11:41
49,Batuan,PH,9.7808,124.1484,83.61,70,82,2.8,broken clouds,2022-08-01 04:11:59
50,Te Anau,NZ,-45.4167,167.7167,43.2,95,100,7.45,overcast clouds,2022-08-01 04:11:59
51,Marsh Harbour,BS,26.5412,-77.0636,83.21,75,69,13.51,broken clouds,2022-08-01 04:11:32
52,Acapulco,MX,16.8634,-99.8901,84.02,79,40,5.75,scattered clouds,2022-08-01 04:12:00
53,Gazanjyk,TM,39.2446,55.5154,88.12,38,2,6.2,clear sky,2022-08-01 04:10:17
54,Cape Town,ZA,-33.9258,18.4232,55.38,74,0,7.0,clear sky,2022-08-01 04:07:06
55,Najran,SA,17.4924,44.1277,75.74,59,39,4.56,scattered clouds,2022-08-01 04:12:02
56,Mataura,NZ,-46.1927,168.8643,51.48,72,90,6.96,overcast clouds,2022-08-01 04:12:02
57,Jertih,MY,5.7336,102.4897,88.77,62,97,1.97,overcast clouds,2022-08-01 04:12:03
58,Kahului,US,20.8947,-156.47,82.42,67,40,14.97,scattered clouds,2022-08-01 04:09:36
59,Cherskiy,RU,68.75,161.3,73.29,30,37,15.75,scattered clouds,2022-08-01 04:12:04
60,Viedma,AR,-40.8135,-62.9967,44.98,71,100,5.91,overcast clouds,2022-08-01 04:12:05
61,Zelenoborsk,RU,61.4669,64.0333,65.21,43,50,7.16,scattered clouds,2022-08-01 04:12:06
62,Torbay,CA,47.6666,-52.7314,66.58,81,76,7.0,broken clouds,2022-08-01 04:12:06
63,Khani,GE,41.9563,42.9566,63.97,66,7,2.1,clear sky,2022-08-01 04:12:07
64,Mahebourg,MU,-20.4081,57.7,71.89,78,75,12.66,broken clouds,2022-08-01 04:12:08
65,Hithadhoo,MV,-0.6,73.0833,81.01,72,91,15.35,overcast clouds,2022-08-01 04:12:09
66,Ponta Do Sol,PT,32.6667,-17.1,70.72,81,5,3.47,clear sky,2022-08-01 04:12:11
67,Camana,PE,-16.6228,-72.7111,58.51,85,33,5.73,scattered clouds,2022-08-01 04:12:11
68,Kapaa,US,22.0752,-159.319,85.98,70,40,17.27,scattered clouds,2022-08-01 04:12:12
69,Tasiilaq,GL,65.6145,-37.6368,42.96,58,5,3.83,clear sky,2022-08-01 04:12:13
70,Berlevag,NO,70.8578,29.0864,59.0,86,60,4.0,broken clouds,2022-08-01 04:12:13
71,Sao Sepe,BR,-30.1606,-53.5653,48.94,95,0,3.04,clear sky,2022-08-01 04:12:14
72,Mitsamiouli,KM,-11.3847,43.2844,75.33,72,0,7.49,clear sky,2022-08-01 04:12:14
73,San Luis,AR,-33.295,-66.3356,52.47,42,26,7.52,scattered clouds,2022-08-01 04:10:45
74,Yellowknife,CA,62.456,-114.3525,62.56,48,69,4.0,broken clouds,2022-08-01 04:12:16
75,Katsuura,JP,35.1333,140.3,87.64,71,85,15.79,overcast clouds,2022-08-01 04:11:30
76,Puerto Ayora,EC,-0.7393,-90.3518,70.56,93,92,4.0,overcast clouds,2022-08-01 04:12:17
77,Comodoro Rivadavia,AR,-45.8667,-67.5,37.26,60,0,4.61,clear sky,2022-08-01 04:12:17
78,Dikson,RU,73.5069,80.5464,41.31,93,100,11.1,overcast clouds,2022-08-01 04:11:05
79,Buala,SB,-8.145,159.5921,83.89,73,25,11.63,light rain,2022-08-01 04:12:18
80,Pozo Colorado,PY,-23.4923,-58.7972,66.04,55,39,5.14,scattered clouds,2022-08-01 04:12:19
81,Havelock,US,34.8791,-76.9013,84.18,94,98,1.01,overcast clouds,2022-08-01 04:12:20
82,Norman Wells,CA,65.282,-126.8329,65.86,57,48,5.12,scattered clouds,2022-08-01 04:12:20
83,Pemangkat,ID,1.1667,108.9667,85.57,67,84,3.58,broken clouds,2022-08-01 04:12:21
84,Beckley,US,37.7782,-81.1882,68.09,99,40,3.44,scattered clouds,2022-08-01 04:12:22
85,Esperance,AU,-33.8667,121.9,63.54,50,77,21.21,light rain,2022-08-01 04:12:23
86,Nikolskoye,RU,59.7035,30.7861,62.87,73,100,4.47,overcast clouds,2022-08-01 04:12:23
87,Riyadh,SA,24.6877,46.7219,87.94,66,100,11.39,overcast clouds,2022-08-01 04:12:24
88,Saint George,US,37.1041,-113.5841,86.63,50,0,13.8,clear sky,2022-08-01 04:12:04
89,Arraial Do Cabo,BR,-22.9661,-42.0278,68.29,74,0,10.71,clear sky,2022-08-01 04:12:25
90,Georgetown,MY,5.4112,100.3354,85.95,76,20,0.0,few clouds,2022-08-01 04:12:25
91,Arlit,NE,18.7369,7.3853,88.12,48,60,14.56,broken clouds,2022-08-01 04:12:26
92,Chokurdakh,RU,70.6333,147.9167,77.74,36,95,13.0,overcast clouds,2022-08-01 04:12:27
93,Margate,GB,51.3813,1.3862,63.3,88,100,3.0,overcast clouds,2022-08-01 04:11:54
94,Albany,US,42.6001,-73.9662,70.21,78,86,2.77,overcast clouds,2022-08-01 04:12:33
95,Dudinka,RU,69.4058,86.1778,52.63,53,12,20.18,few clouds,2022-08-01 04:12:33
96,Beringovskiy,RU,63.05,179.3167,50.22,62,98,3.04,overcast clouds,2022-08-01 04:12:34
97,Mahajanga,MG,-15.7167,46.3167,67.84,72,0,8.52,clear sky,2022-08-01 04:12:35
98,Sarrebourg,FR,48.7333,7.05,63.81,91,8,3.87,clear sky,2022-08-01 04:12:35
99,Northam,GB,51.0333,-4.2167,56.61,98,95,0.89,overcast clouds,2022-08-01 04:12:36
100,Villaviciosa,ES,43.4813,-5.4357,69.42,88,82,6.26,broken clouds,2022-08-01 04:12:36
101,Port Elizabeth,ZA,-33.918,25.5701,49.32,82,0,5.01,clear sky,2022-08-01 04:12:37
102,Lipin Bor,RU,60.2622,37.9763,57.07,77,16,5.1,few clouds,2022-08-01 04:12:38
103,Awbari,LY,26.5921,12.7805,78.57,25,1,9.22,clear sky,2022-08-01 04:12:38
104,Saint-Philippe,RE,-21.3585,55.7679,68.22,76,46,8.39,scattered clouds,2022-08-01 04:12:39
105,Usinsk,RU,65.9939,57.5281,65.34,50,49,5.86,scattered clouds,2022-08-01 04:12:39
106,Henties Bay,NA,-22.116,14.2845,54.03,68,97,6.91,overcast clouds,2022-08-01 04:12:40
107,San Patricio,US,28.017,-97.5169,84.29,67,31,12.62,scattered clouds,2022-08-01 04:12:41
108,Mwinilunga,ZM,-11.7358,24.4293,53.08,44,0,4.07,clear sky,2022-08-01 04:12:41
109,Baruun-Urt,MN,46.6806,113.2792,85.1,32,34,12.21,scattered clouds,2022-08-01 04:12:42
110,Lebu,CL,-37.6167,-73.65,45.93,84,100,5.59,overcast clouds,2022-08-01 04:12:42
111,Hilo,US,19.7297,-155.09,74.62,91,100,12.66,moderate rain,2022-08-01 04:12:43
112,Gravdal,NO,68.1214,13.5031,53.58,80,100,9.04,overcast clouds,2022-08-01 04:12:44
113,Sarkand,KZ,45.41,79.9186,80.33,31,35,7.74,scattered clouds,2022-08-01 04:12:44
114,Atuona,PF,-9.8,-139.0333,77.2,73,12,11.43,few clouds,2022-08-01 04:12:45
115,Ilulissat,GL,69.2167,-51.1,53.62,40,76,19.57,broken clouds,2022-08-01 04:12:45
116,Coihaique,CL,-45.5752,-72.0662,35.55,80,0,4.61,clear sky,2022-08-01 04:12:46
117,Borogontsy,RU,62.6683,131.1683,85.62,37,100,7.25,overcast clouds,2022-08-01 04:12:47
118,Port Hardy,CA,50.6996,-127.4199,62.78,88,75,8.05,fog,2022-08-01 04:12:47
119,Bilibino,RU,68.0546,166.4372,66.42,38,74,9.98,broken clouds,2022-08-01 04:12:48
120,Fort Nelson,CA,58.8053,-122.7002,63.05,82,100,2.26,light rain,2022-08-01 04:12:48
121,Kungurtug,RU,50.5994,97.5228,72.01,47,88,0.16,overcast clouds,2022-08-01 04:12:49
122,Bathsheba,BB,13.2167,-59.5167,83.01,90,40,19.57,scattered clouds,2022-08-01 04:12:49
123,Kaitangata,NZ,-46.2817,169.8464,49.95,65,100,7.11,light rain,2022-08-01 04:12:50
124,Asau,RO,46.4333,26.4,60.28,91,49,3.83,light rain,2022-08-01 04:12:51
125,Ler,SS,8.3018,30.1418,69.28,98,92,4.38,moderate rain,2022-08-01 04:12:51
126,Mahibadhoo,MV,3.7833,72.9667,81.91,73,99,20.09,overcast clouds,2022-08-01 04:12:52
127,Benghazi,LY,32.1167,20.0667,79.47,75,0,7.09,clear sky,2022-08-01 04:09:21
128,Menomonie,US,44.8755,-91.9193,71.64,94,75,5.75,broken clouds,2022-08-01 04:12:53
129,Rawson,AR,-43.3002,-65.1023,45.0,83,100,8.79,overcast clouds,2022-08-01 04:10:52
130,Wuhu,CN,31.3366,118.3755,92.19,58,14,2.44,few clouds,2022-08-01 04:12:54
131,Cidreira,BR,-30.1811,-50.2056,57.63,91,5,8.12,clear sky,2022-08-01 04:09:54
132,Acurenam,GQ,1.0322,10.6488,65.1,97,93,3.8,overcast clouds,2022-08-01 04:12:55
133,Kandrian,PG,-6.2167,149.55,85.6,64,70,12.3,broken clouds,2022-08-01 04:12:56
134,Pascagoula,US,30.3658,-88.5561,80.65,95,0,0.0,clear sky,2022-08-01 04:10:01
135,Bredasdorp,ZA,-34.5322,20.0403,41.32,85,0,3.96,clear sky,2022-08-01 04:10:01
136,Namatanai,PG,-3.6667,152.4333,84.96,69,96,12.17,overcast clouds,2022-08-01 04:12:57
137,Paamiut,GL,61.994,-49.6678,45.03,88,100,6.26,overcast clouds,2022-08-01 04:12:58
138,Kurilsk,RU,45.2333,147.8833,59.05,75,7,1.95,clear sky,2022-08-01 04:12:18
139,Saint-Georges,GD,12.0564,-61.7485,80.64,82,100,14.0,overcast clouds,2022-08-01 04:12:59
140,Campo Formoso,BR,-10.5075,-40.3214,62.94,94,5,7.43,clear sky,2022-08-01 04:13:00
141,Rodrigues Alves,BR,-7.738,-72.6509,75.97,79,78,2.73,broken clouds,2022-08-01 04:13:05
142,Vestmannaeyjar,IS,63.4427,-20.2734,48.74,77,76,15.5,broken clouds,2022-08-01 04:13:06
143,Umm Lajj,SA,25.0213,37.2685,85.44,52,37,4.61,scattered clouds,2022-08-01 04:13:07
144,Ribeira Grande,PT,38.5167,-28.7,73.45,75,13,8.32,few clouds,2022-08-01 04:11:36
145,Baiyin,CN,36.5583,104.2081,78.75,53,99,2.75,overcast clouds,2022-08-01 04:13:08
146,Nicoya,CR,10.1483,-85.452,75.02,84,34,5.28,scattered clouds,2022-08-01 04:13:09
147,Mandalgovi,MN,45.7625,106.2708,82.09,26,57,15.5,broken clouds,2022-08-01 04:13:09
148,Togul,RU,53.465,85.9128,71.31,70,83,6.8,broken clouds,2022-08-01 04:13:10
149,Castro,BR,-24.7911,-50.0119,51.48,80,0,2.19,clear sky,2022-08-01 04:13:10
150,Thinadhoo,MV,0.5333,72.9333,82.49,71,100,18.19,overcast clouds,2022-08-01 04:12:41
151,Dulmen,DE,51.8333,7.3,66.63,89,98,5.12,overcast clouds,2022-08-01 04:13:11
152,Flora,US,38.6689,-88.4856,73.69,97,0,3.44,mist,2022-08-01 04:11:07
153,Dingle,PH,10.9995,122.6711,85.32,71,100,4.34,overcast clouds,2022-08-01 04:13:13
154,Tilichiki,RU,60.4667,166.1,57.13,66,31,8.84,scattered clouds,2022-08-01 04:13:13
155,Sena Madureira,BR,-9.0656,-68.6569,76.73,69,63,2.19,broken clouds,2022-08-01 04:13:14
156,Nishihara,JP,26.1842,127.7558,82.45,83,100,16.11,shower rain,2022-08-01 04:13:14
157,Sur,OM,22.5667,59.5289,87.01,62,58,8.37,broken clouds,2022-08-01 04:13:15
158,Barrow,US,71.2906,-156.7887,35.62,87,100,9.22,overcast clouds,2022-08-01 04:09:40
159,Altay,CN,47.8667,88.1167,79.29,28,9,8.34,clear sky,2022-08-01 04:13:16
160,Victoria,HK,22.2855,114.1577,93.96,69,100,4.0,overcast clouds,2022-08-01 04:08:26
161,Evensk,RU,61.95,159.2333,57.2,72,42,11.1,scattered clouds,2022-08-01 04:13:17
162,Dolores,AR,-36.3132,-57.6792,49.28,80,62,4.36,broken clouds,2022-08-01 04:13:18
163,Srednekolymsk,RU,67.45,153.6833,79.45,32,71,13.94,broken clouds,2022-08-01 04:13:18
164,Kavieng,PG,-2.5744,150.7967,85.12,70,92,17.52,overcast clouds,2022-08-01 04:09:55
165,Minas,UY,-34.3759,-55.2377,45.91,87,14,4.7,few clouds,2022-08-01 04:13:19
166,Chuy,UY,-33.6971,-53.4616,46.31,89,28,2.3,scattered clouds,2022-08-01 04:13:20
167,Port Blair,IN,11.6667,92.75,85.15,75,97,14.63,overcast clouds,2022-08-01 04:13:20
168,Erenhot,CN,43.6475,111.9767,87.24,35,100,10.4,overcast clouds,2022-08-01 04:13:21
169,Dubbo,AU,-32.25,148.6167,59.13,58,40,9.22,scattered clouds,2022-08-01 04:10:11
170,Khatanga,RU,71.9667,102.5,46.63,66,98,10.58,overcast clouds,2022-08-01 04:11:40
171,Maldonado,UY,-34.6667,-54.9167,46.22,88,11,4.16,few clouds,2022-08-01 04:13:22
172,Kulhudhuffushi,MV,6.6221,73.07,78.96,76,100,31.0,light rain,2022-08-01 04:13:23
173,Byron Bay,AU,-28.65,153.6167,66.94,71,100,8.25,overcast clouds,2022-08-01 04:13:24
174,Torata,PE,-17.0769,-70.8433,55.13,31,0,3.15,clear sky,2022-08-01 04:13:25
175,Kautokeino,NO,69.0125,23.0412,52.45,82,74,2.1,broken clouds,2022-08-01 04:13:26
176,Jurm,AF,36.8648,70.8342,73.0,41,62,5.1,broken clouds,2022-08-01 04:13:26
177,Chekhov,RU,55.1431,37.4711,62.85,69,81,3.62,broken clouds,2022-08-01 04:13:27
178,Hamilton,US,39.1834,-84.5333,70.77,93,20,6.91,mist,2022-08-01 04:13:28
179,Fairbanks,US,64.8378,-147.7164,67.23,66,75,8.05,broken clouds,2022-08-01 04:13:28
180,Bhilai,IN,21.2167,81.4333,87.93,61,100,8.72,overcast clouds,2022-08-01 04:09:24
181,Zarya,RU,55.7553,38.0958,64.18,67,42,5.32,scattered clouds,2022-08-01 04:13:30
182,Airai,TL,-8.9266,125.4092,76.23,45,62,2.46,broken clouds,2022-08-01 04:13:30
183,New Norfolk,AU,-42.7826,147.0587,54.91,53,26,9.33,scattered clouds,2022-08-01 04:13:32
184,Sao Filipe,CV,14.8961,-24.4956,75.11,77,70,7.05,broken clouds,2022-08-01 04:13:32
185,Barabai,ID,-2.5833,115.3833,77.9,86,100,1.23,overcast clouds,2022-08-01 04:13:33
186,Malanje,AO,-9.5402,16.341,57.74,82,0,4.83,clear sky,2022-08-01 04:13:34
187,Karratha,AU,-20.7377,116.8463,78.73,54,17,13.13,few clouds,2022-08-01 04:10:28
188,Jutai,BR,-5.1833,-68.9,74.55,89,93,0.6,overcast clouds,2022-08-01 04:13:35
189,Huarmey,PE,-10.0681,-78.1522,62.71,86,6,7.43,clear sky,2022-08-01 04:13:40
190,Vanimo,PG,-2.6741,141.3028,86.0,66,86,9.42,overcast clouds,2022-08-01 04:13:41
191,Ketchikan,US,55.3422,-131.6461,63.07,77,75,8.05,broken clouds,2022-08-01 04:11:18
192,Atar,MR,20.5169,-13.0499,84.54,58,3,11.83,clear sky,2022-08-01 04:13:42
193,Tomatlan,MX,19.9333,-105.25,76.95,88,100,2.24,overcast clouds,2022-08-01 04:13:43
194,Porto Novo,BJ,6.4965,2.6036,74.32,83,100,11.95,overcast clouds,2022-08-01 04:09:52
195,Ayagoz,KZ,47.9714,80.4392,76.6,39,75,12.37,broken clouds,2022-08-01 04:13:44
196,Gao,ML,16.6362,1.637,83.7,50,55,14.32,broken clouds,2022-08-01 04:13:44
197,High Rock,BS,26.6208,-78.2833,84.04,75,77,13.35,broken clouds,2022-08-01 04:09:35
198,Shimoda,JP,34.6667,138.95,94.1,70,68,14.61,broken clouds,2022-08-01 04:13:45
199,Alta Floresta,BR,-9.8756,-56.0861,77.23,37,62,2.55,broken clouds,2022-08-01 04:13:46
200,Provideniya,RU,64.3833,-173.3,50.36,71,0,7.0,clear sky,2022-08-01 04:10:35
201,Kieta,PG,-6.2167,155.6333,85.12,69,74,6.69,light rain,2022-08-01 04:13:47
202,Labytnangi,RU,66.6572,66.4183,61.54,59,32,6.82,scattered clouds,2022-08-01 04:13:47
203,Ajdabiya,LY,30.7554,20.2263,74.77,86,0,6.85,clear sky,2022-08-01 04:13:48
204,Xining,CN,36.6167,101.7667,74.8,48,14,1.86,few clouds,2022-08-01 04:13:49
205,Butaritari,KI,3.0707,172.7902,82.18,75,73,14.32,broken clouds,2022-08-01 04:10:49
206,Longyearbyen,SJ,78.2186,15.6401,48.04,87,40,4.61,scattered clouds,2022-08-01 04:11:55
207,Umarga,IN,17.8333,76.6167,80.53,73,100,10.07,overcast clouds,2022-08-01 04:13:50
208,Kambove,CD,-10.8764,26.5969,56.44,51,0,4.54,clear sky,2022-08-01 04:13:51
209,Frontera,MX,26.9333,-101.45,89.33,35,90,8.99,overcast clouds,2022-08-01 04:13:51
210,Meadow Lake,US,34.8014,-106.5436,79.12,37,92,4.41,overcast clouds,2022-08-01 04:13:52
211,La Macarena,CO,2.1837,-73.7849,71.02,98,96,2.24,overcast clouds,2022-08-01 04:13:52
212,Damietta,EG,31.4165,31.8133,78.53,78,0,8.21,clear sky,2022-08-01 04:13:53
213,Boende,CD,-0.2167,20.8667,71.01,84,94,1.57,overcast clouds,2022-08-01 04:13:54
214,Nizwa,OM,22.9333,57.5333,83.26,63,76,3.09,broken clouds,2022-08-01 04:13:54
215,Vradiyivka,UA,47.862,30.5919,67.12,45,100,4.83,overcast clouds,2022-08-01 04:13:55
216,Ornskoldsvik,SE,63.2909,18.7153,58.15,100,100,3.44,fog,2022-08-01 04:13:55
217,Pandan,PH,14.0453,124.1694,85.71,70,100,5.14,overcast clouds,2022-08-01 04:13:56
218,Amalapuram,IN,16.5833,82.0167,90.43,60,100,2.89,overcast clouds,2022-08-01 04:13:56
219,Kargasok,RU,59.0556,80.8572,60.31,53,74,14.0,broken clouds,2022-08-01 04:13:57
220,Wamba,NG,8.9333,8.6,70.23,96,97,2.66,light rain,2022-08-01 04:13:58
221,Naze,JP,28.3667,129.4833,82.81,78,71,15.66,light rain,2022-08-01 04:13:58
222,Vila Franca Do Campo,PT,37.7167,-25.4333,70.21,86,1,2.71,clear sky,2022-08-01 04:11:21
223,Jalingo,NG,8.8833,11.3667,71.42,96,92,5.14,overcast clouds,2022-08-01 04:14:00
224,Kawalu,ID,-7.3817,108.2082,88.77,42,45,3.62,scattered clouds,2022-08-01 04:14:01
225,La Ronge,CA,55.1001,-105.2842,55.04,66,31,4.03,scattered clouds,2022-08-01 04:14:01
226,Montepuez,MZ,-13.1256,38.9997,59.76,93,0,3.8,clear sky,2022-08-01 04:14:02
227,Dali,CN,25.7,100.1833,66.92,86,100,1.39,overcast clouds,2022-08-01 04:14:03
228,Meaford,CA,44.6001,-80.583,70.09,76,8,9.04,clear sky,2022-08-01 04:14:04
229,Sturgeon Falls,CA,46.3646,-79.9326,63.9,86,0,6.33,clear sky,2022-08-01 04:14:05
230,Santa Marta,CO,11.2408,-74.199,82.45,74,20,5.75,few clouds,2022-08-01 04:14:06
231,Panama City,PA,8.9936,-79.5197,81.93,83,40,3.44,scattered clouds,2022-08-01 04:11:56
232,Nuevo Casas Grandes,MX,30.4167,-107.9167,80.11,37,74,3.31,broken clouds,2022-08-01 04:14:07
233,Grindavik,IS,63.8424,-22.4338,46.87,87,75,6.91,broken clouds,2022-08-01 04:14:08
234,Ancud,CL,-41.8697,-73.8203,42.22,86,90,1.43,overcast clouds,2022-08-01 04:09:34
235,Seoul,KR,37.5683,126.9778,89.04,62,65,8.32,broken clouds,2022-08-01 04:14:14
236,Clyde River,CA,70.4692,-68.5914,33.8,96,100,4.81,overcast clouds,2022-08-01 04:13:21
237,Nara,JP,34.6851,135.8049,95.97,36,73,6.6,broken clouds,2022-08-01 04:13:47
238,Mnogovershinnyy,RU,53.9353,139.9242,75.92,57,37,6.11,scattered clouds,2022-08-01 04:14:16
239,Half Moon Bay,US,37.4636,-122.4286,68.92,85,100,17.27,overcast clouds,2022-08-01 04:13:47
240,Igrim,RU,63.1906,64.4162,63.01,51,8,6.53,clear sky,2022-08-01 04:14:17
241,Esmeralda,CU,21.8525,-78.1169,79.32,83,18,11.32,few clouds,2022-08-01 04:14:17
242,Hofn,IS,64.2539,-15.2082,48.29,62,31,11.41,scattered clouds,2022-08-01 04:14:18
243,Danville,US,36.586,-79.395,74.28,96,75,0.0,broken clouds,2022-08-01 04:11:37
244,Waipawa,NZ,-41.4122,175.5153,50.41,65,3,5.21,clear sky,2022-08-01 04:14:19
245,Dubrovnik,HR,42.6481,18.0922,80.24,27,0,25.32,clear sky,2022-08-01 04:12:14
246,Ipixuna,BR,-1.7625,-48.8043,72.82,97,99,2.84,light rain,2022-08-01 04:14:20
247,Tuatapere,NZ,-46.1333,167.6833,49.08,82,100,9.42,light rain,2022-08-01 04:14:03
248,Altamira,BR,-3.2033,-52.2064,71.29,98,88,2.1,overcast clouds,2022-08-01 04:14:21
249,Orai,IN,25.9833,79.4667,91.69,53,72,10.0,broken clouds,2022-08-01 04:14:22
250,Huilong,CN,31.8111,121.655,87.6,68,41,11.03,scattered clouds,2022-08-01 04:14:22
251,Lorengau,PG,-2.0226,147.2712,83.97,75,99,10.25,overcast clouds,2022-08-01 04:14:23
252,Mersing,MY,2.4312,103.8405,87.39,61,100,4.97,overcast clouds,2022-08-01 04:14:24
253,Kismayo,SO,-0.3582,42.5454,76.32,75,94,16.11,overcast clouds,2022-08-01 04:14:24
254,Ossora,RU,59.2353,163.0719,59.76,70,41,13.24,scattered clouds,2022-08-01 04:14:25
255,Tautira,PF,-17.7333,-149.15,77.32,68,48,24.29,scattered clouds,2022-08-01 04:14:25
256,Nhulunbuy,AU,-12.2333,136.7667,84.81,61,75,14.97,broken clouds,2022-08-01 04:14:26
257,Ahmadpur East,PK,29.1431,71.2598,91.42,60,49,12.28,scattered clouds,2022-08-01 04:11:53
258,Burnie,AU,-41.0667,145.9167,46.94,88,86,21.36,light rain,2022-08-01 04:14:27
259,Cayenne,GF,4.9333,-52.3333,80.1,1,83,0.0,broken clouds,2022-08-01 04:14:28
260,Laval,CA,45.57,-73.692,74.7,73,100,4.0,overcast clouds,2022-08-01 04:14:28
261,Kankon,IN,15.0167,74.0167,82.54,78,60,13.47,broken clouds,2022-08-01 04:14:29
262,Yuzhno-Kurilsk,RU,44.0306,145.8556,61.52,78,100,6.51,overcast clouds,2022-08-01 04:14:30
263,Conakry,GN,9.538,-13.6773,76.78,84,100,7.02,light rain,2022-08-01 04:14:30
264,Mehran,IR,33.1222,46.1646,97.79,24,0,13.91,clear sky,2022-08-01 04:14:31
265,Puerto Escondido,MX,15.85,-97.0667,81.43,65,100,3.44,overcast clouds,2022-08-01 04:12:58
266,Lavrentiya,RU,65.5833,-171.0,48.13,73,39,5.17,scattered clouds,2022-08-01 04:12:19
267,Juneau,US,58.3019,-134.4197,59.0,100,100,3.44,light rain,2022-08-01 04:13:39
268,Dunnville,CA,42.9001,-79.6163,72.19,77,0,7.81,clear sky,2022-08-01 04:14:33
269,Pozoblanco,ES,38.3791,-4.8483,72.01,39,0,5.44,clear sky,2022-08-01 04:14:34
270,Taoudenni,ML,22.6783,-3.9836,91.74,32,96,8.46,overcast clouds,2022-08-01 04:14:34
271,Bubaque,GW,11.2833,-15.8333,79.16,78,100,15.88,overcast clouds,2022-08-01 04:10:33
272,Todos Santos,MX,23.45,-110.2167,82.44,79,72,2.84,broken clouds,2022-08-01 04:14:35
273,Pochutla,MX,15.7432,-96.4661,74.52,93,71,4.21,broken clouds,2022-08-01 04:14:36
274,Kavaratti,IN,10.5669,72.642,78.15,85,100,25.39,light rain,2022-08-01 04:14:36
275,Avera,US,33.194,-82.5271,78.31,51,21,5.97,few clouds,2022-08-01 04:14:37
276,Adrar,MR,20.5022,-10.0711,87.93,45,19,13.56,few clouds,2022-08-01 04:14:38
277,San Cristobal,VE,7.7669,-72.225,66.38,95,98,2.24,overcast clouds,2022-08-01 04:14:38
278,Santa Rosa,PH,14.3122,121.1114,89.11,71,100,3.51,overcast clouds,2022-08-01 04:14:39
279,Dillon,US,34.4166,-79.3712,84.25,54,94,7.29,overcast clouds,2022-08-01 04:14:39
280,Sioux Lookout,CA,50.1001,-91.917,55.13,98,100,9.13,overcast clouds,2022-08-01 04:13:37
281,Mattawa,US,46.7379,-119.9028,96.08,14,17,10.63,few clouds,2022-08-01 04:14:40
282,Haines Junction,CA,60.7522,-137.5108,60.75,67,100,6.91,overcast clouds,2022-08-01 04:14:22
283,Oistins,BB,13.0667,-59.5333,82.49,78,40,19.57,scattered clouds,2022-08-01 04:14:26
284,Obo,CF,5.3998,26.4869,65.89,98,96,3.58,light rain,2022-08-01 04:14:47
285,Dumabato,PH,16.3167,121.7,88.75,58,100,1.41,overcast clouds,2022-08-01 04:14:48
286,Rafai,CF,4.95,23.9167,66.52,94,100,0.11,overcast clouds,2022-08-01 04:14:48
287,Hirara,JP,24.8,125.2833,80.46,94,75,5.75,moderate rain,2022-08-01 04:14:49
288,La Libertad,EC,-2.2333,-80.9,68.88,83,96,10.85,overcast clouds,2022-08-01 04:14:50
289,Fortuna,US,40.5982,-124.1573,61.99,90,100,6.91,overcast clouds,2022-08-01 04:14:50
290,Alekseyevsk,RU,57.8406,108.3492,70.65,73,87,5.28,overcast clouds,2022-08-01 04:14:51
291,Oktyabrskoye,RU,43.0645,44.7417,69.94,73,1,2.24,clear sky,2022-08-01 04:14:52
292,Port Macquarie,AU,-31.4333,152.9167,66.88,88,100,0.0,moderate rain,2022-08-01 04:09:58
293,Lac Du Bonnet,CA,50.2536,-96.0612,54.27,95,53,4.79,broken clouds,2022-08-01 04:14:53
294,Carnarvon,AU,-24.8667,113.6333,66.6,80,100,16.8,overcast clouds,2022-08-01 04:14:53
295,Dawei,MM,14.0833,98.2,83.32,79,86,7.43,overcast clouds,2022-08-01 04:14:54
296,Bayshore Gardens,US,27.4253,-82.5904,83.17,68,0,0.0,clear sky,2022-08-01 04:14:55
297,Kenai,US,60.5544,-151.2583,65.03,80,0,13.8,clear sky,2022-08-01 04:14:55
298,Luanda,AO,-8.8368,13.2343,66.2,88,51,6.98,broken clouds,2022-08-01 04:10:07
299,Xinzhou,CN,38.4092,112.7333,87.19,48,1,0.31,clear sky,2022-08-01 04:14:56
300,Morant Bay,JM,17.8815,-76.4093,83.82,80,51,10.2,broken clouds,2022-08-01 04:14:58
301,Staryy Nadym,RU,65.6118,72.6842,59.02,53,5,12.26,clear sky,2022-08-01 04:14:58
302,Nadym,RU,65.5333,72.5167,59.05,53,6,12.46,clear sky,2022-08-01 04:14:59
303,Coutances,FR,49.05,-1.4333,62.11,95,88,6.04,overcast clouds,2022-08-01 04:15:00
304,Hay River,CA,60.8156,-115.7999,58.98,67,28,4.61,scattered clouds,2022-08-01 04:15:00
305,Voyvozh,RU,62.892,54.9635,62.71,76,100,7.02,overcast clouds,2022-08-01 04:15:01
306,Warmbad,NA,-28.45,18.7333,45.82,34,0,9.75,clear sky,2022-08-01 04:15:02
307,Amga,RU,60.8953,131.9608,87.35,38,100,6.04,overcast clouds,2022-08-01 04:12:18
308,Neuquen,AR,-38.9516,-68.0591,42.69,75,0,0.0,clear sky,2022-08-01 04:15:03
309,Sao Jose Da Coroa Grande,BR,-8.8978,-35.1478,74.12,85,21,10.31,few clouds,2022-08-01 04:15:04
310,Non Sang,TH,16.8687,102.5664,83.75,73,94,1.88,overcast clouds,2022-08-01 04:15:05
311,Rio Grande,BR,-32.035,-52.0986,53.71,95,8,5.39,clear sky,2022-08-01 04:11:47
312,Kiama,AU,-34.6833,150.8667,67.37,45,3,8.01,clear sky,2022-08-01 04:10:27
313,Ahipara,NZ,-35.1667,173.1667,57.34,59,12,6.15,few clouds,2022-08-01 04:15:07
314,Bam,IR,29.106,58.357,92.59,19,22,13.0,few clouds,2022-08-01 04:13:58
315,Odessa,UA,46.4775,30.7326,68.95,69,100,7.27,light rain,2022-08-01 04:15:08
316,Bethel,US,41.3712,-73.414,74.25,86,75,3.44,broken clouds,2022-08-01 04:15:09
317,Harper,LR,4.375,-7.7169,74.8,77,98,10.38,overcast clouds,2022-08-01 04:15:10
318,Isangel,VU,-19.55,169.2667,75.25,83,84,15.97,broken clouds,2022-08-01 04:15:10
319,Itarema,BR,-2.9248,-39.9167,76.95,85,2,14.18,clear sky,2022-08-01 04:15:11
320,Mokhsogollokh,RU,61.4681,128.9203,82.9,44,100,2.44,overcast clouds,2022-08-01 04:15:12
321,Hammerfest,NO,70.6634,23.6821,57.65,77,0,4.61,clear sky,2022-08-01 04:15:12
322,Sola,VU,-13.8833,167.55,79.77,77,21,16.15,few clouds,2022-08-01 04:15:13
323,Ndele,CF,8.4109,20.6473,68.68,98,100,3.09,overcast clouds,2022-08-01 04:15:13
324,Santa Maria,BR,-29.6842,-53.8069,51.08,92,0,3.11,clear sky,2022-08-01 04:15:13
325,Bonnyville,CA,54.2668,-110.735,62.4,81,63,2.46,broken clouds,2022-08-01 04:15:19
326,Biltine,TD,14.5333,20.9167,77.38,73,100,7.58,overcast clouds,2022-08-01 04:15:20
327,Lerik,AZ,38.7726,48.4128,68.72,75,2,3.67,clear sky,2022-08-01 04:15:20
328,Aklavik,CA,68.2191,-135.0107,57.45,61,100,13.27,overcast clouds,2022-08-01 04:15:21
329,Cabo San Lucas,MX,22.8909,-109.9124,84.51,79,26,1.99,scattered clouds,2022-08-01 04:15:22
330,Babstovo,RU,48.1167,132.4833,83.43,73,34,5.28,light rain,2022-08-01 04:15:22
331,Gornopravdinsk,RU,60.05,69.9,62.98,49,99,10.54,overcast clouds,2022-08-01 04:15:23
332,Lagoa,PT,39.05,-27.9833,72.3,75,0,8.12,clear sky,2022-08-01 04:15:23
333,Yorkton,CA,51.2167,-102.4677,64.24,82,0,3.44,clear sky,2022-08-01 04:15:24
334,Havoysund,NO,70.9963,24.6622,57.43,85,77,6.6,broken clouds,2022-08-01 04:15:25
335,Kaniama,CD,-7.5667,24.1833,72.91,50,87,2.39,overcast clouds,2022-08-01 04:15:26
336,Grojec,PL,51.8625,20.8676,59.22,98,97,7.74,overcast clouds,2022-08-01 04:15:26
337,Igra,RU,57.5558,53.0547,67.24,66,25,3.96,scattered clouds,2022-08-01 04:15:27
338,Luderitz,NA,-26.6481,15.1594,55.58,59,14,3.22,few clouds,2022-08-01 04:15:27
339,Pashiya,RU,58.4324,58.2562,62.78,86,99,7.76,overcast clouds,2022-08-01 04:15:28
340,Romny,UA,50.751,33.4747,62.51,63,52,10.33,broken clouds,2022-08-01 04:15:28
341,Lincoln,US,40.8,-96.667,83.12,82,0,4.61,clear sky,2022-08-01 04:13:51
342,Bambous Virieux,MU,-20.3428,57.7575,72.21,78,75,12.66,light rain,2022-08-01 04:15:29
343,Masty,BY,53.4122,24.5387,60.89,98,100,6.82,overcast clouds,2022-08-01 04:15:30
344,Doctor Juan Manuel Frutos,PY,-25.3667,-55.8,58.68,70,9,3.13,clear sky,2022-08-01 04:15:31
345,Bay-Khaak,RU,51.1667,94.5,73.13,48,96,3.4,overcast clouds,2022-08-01 04:15:31
346,Caloundra,AU,-26.8,153.1333,64.89,86,100,1.01,overcast clouds,2022-08-01 04:15:32
347,Muriwai Beach,NZ,-36.8167,174.45,58.96,58,3,8.1,clear sky,2022-08-01 04:15:33
348,Gizo,SB,-8.103,156.8419,85.44,65,3,4.76,clear sky,2022-08-01 04:15:33
349,Shingu,JP,33.7333,135.9833,90.32,59,85,12.15,overcast clouds,2022-08-01 04:15:34
350,Iquitos,PE,-3.7481,-73.2472,77.04,94,75,4.61,broken clouds,2022-08-01 04:15:34
351,Wewak,PG,-3.5534,143.6268,85.59,66,97,8.7,overcast clouds,2022-08-01 04:15:35
352,Severo-Kurilsk,RU,50.6789,156.125,56.07,74,39,9.33,scattered clouds,2022-08-01 04:15:36
353,Sorland,NO,67.667,12.6934,53.46,78,100,14.23,overcast clouds,2022-08-01 04:15:36
354,Kushiro,JP,42.975,144.3747,61.75,94,75,9.22,moderate rain,2022-08-01 04:15:37
355,Zaragoza,ES,41.6561,-0.8773,74.01,70,0,14.97,clear sky,2022-08-01 04:15:05
356,Emerald,AU,-23.5333,148.1667,73.35,53,96,7.34,overcast clouds,2022-08-01 04:15:38
357,Uvinza,TZ,-5.1036,30.3911,68.67,73,56,1.92,broken clouds,2022-08-01 04:15:38
358,Vila,PT,42.0304,-8.1588,63.48,51,0,4.38,clear sky,2022-08-01 04:15:39
359,Barcelona,ES,41.3888,2.159,80.55,74,0,11.5,clear sky,2022-08-01 04:10:55
360,Portland,US,45.5234,-122.6762,89.8,49,40,5.01,scattered clouds,2022-08-01 04:12:04
361,Sterling,US,39.0062,-77.4286,71.92,96,100,3.44,overcast clouds,2022-08-01 04:14:43
362,Klyuchi,RU,52.2667,79.1667,73.58,58,26,5.37,scattered clouds,2022-08-01 04:13:18
363,Lhokseumawe,ID,5.1801,97.1507,79.14,84,100,5.03,overcast clouds,2022-08-01 04:15:41
364,Takoradi,GH,4.8845,-1.7554,73.98,82,98,13.91,overcast clouds,2022-08-01 04:15:42
365,Lufilufi,WS,-13.8745,-171.5986,82.18,81,49,19.93,light rain,2022-08-01 04:15:43
366,Itoman,JP,26.1247,127.6694,86.38,87,75,17.27,shower rain,2022-08-01 04:15:43
367,Kurchum,KZ,48.5722,83.6542,75.16,44,71,2.17,broken clouds,2022-08-01 04:15:44
368,Dwarka,IN,22.2394,68.9678,81.95,78,100,20.02,overcast clouds,2022-08-01 04:12:56
369,Tiznit,MA,29.5833,-9.5,83.1,30,24,2.24,few clouds,2022-08-01 04:15:45
370,Hami,CN,42.8,93.45,93.02,19,66,6.82,broken clouds,2022-08-01 04:15:46
371,Homer,US,59.6425,-151.5483,63.77,70,0,9.22,clear sky,2022-08-01 04:15:51
372,Hambantota,LK,6.1241,81.1185,78.33,87,100,17.67,light rain,2022-08-01 04:15:52
373,Freeport,US,40.6576,-73.5832,78.42,70,100,11.5,overcast clouds,2022-08-01 04:12:16
374,Cockburn Town,TC,21.4612,-71.1419,81.91,85,0,17.96,clear sky,2022-08-01 04:12:51
375,Flin Flon,CA,54.7682,-101.865,55.44,86,79,5.91,broken clouds,2022-08-01 04:15:53
376,Steyr,AT,48.0427,14.4213,66.24,82,52,3.65,broken clouds,2022-08-01 04:15:54
377,Kruisfontein,ZA,-34.0033,24.7314,44.51,81,0,5.64,clear sky,2022-08-01 04:15:55
378,San Policarpo,PH,12.1791,125.5072,85.5,70,86,11.39,overcast clouds,2022-08-01 04:12:56
379,Mantua,IT,45.1667,10.7833,74.44,85,0,5.37,clear sky,2022-08-01 04:15:55
380,Oshkosh,US,44.0247,-88.5426,72.39,82,0,8.05,clear sky,2022-08-01 04:15:46
381,Narasannapeta,IN,18.4167,84.05,87.87,68,100,6.8,overcast clouds,2022-08-01 04:15:57
382,Constitucion,CL,-35.3333,-72.4167,48.85,89,93,6.24,overcast clouds,2022-08-01 04:13:23
383,San Vicente,AR,-26.6167,-54.1333,52.65,68,5,2.19,clear sky,2022-08-01 04:15:58
384,Shreveport,US,32.5251,-93.7502,86.05,65,0,10.36,clear sky,2022-08-01 04:13:39
385,Teahupoo,PF,-17.8333,-149.2667,75.16,67,73,24.25,broken clouds,2022-08-01 04:15:59
386,Sarankhola,BD,22.3082,89.7897,90.01,61,100,7.2,overcast clouds,2022-08-01 04:15:59
387,Mukhen,RU,48.1,136.1,83.52,75,99,4.07,overcast clouds,2022-08-01 04:12:15
388,Vao,NC,-22.6667,167.4833,69.76,80,87,24.45,overcast clouds,2022-08-01 04:16:01
389,Sicamous,CA,50.8331,-118.9856,77.97,41,0,4.23,clear sky,2022-08-01 04:16:01
390,Tottori,JP,35.5,134.2333,92.86,54,99,3.24,overcast clouds,2022-08-01 04:12:59
391,Pyapon,MM,16.2833,95.6833,85.75,71,100,3.67,overcast clouds,2022-08-01 04:16:03
392,Katherine,AU,-14.4667,132.2667,89.92,25,16,10.36,few clouds,2022-08-01 04:16:03
393,Roma,US,43.2128,-75.4557,69.94,86,0,5.75,clear sky,2022-08-01 04:12:37
394,Calella,ES,41.618,2.6678,80.94,77,28,4.85,scattered clouds,2022-08-01 04:16:04
395,Benguela,AO,-12.5763,13.4055,63.48,87,39,0.96,scattered clouds,2022-08-01 04:16:05
396,Vardo,NO,70.3705,31.1107,51.78,100,100,0.0,fog,2022-08-01 04:16:06
397,Novikovo,RU,51.1537,37.8879,63.05,62,72,8.55,broken clouds,2022-08-01 04:16:06
398,Agadir,MA,30.4202,-9.5982,66.65,65,14,1.72,few clouds,2022-08-01 04:16:07
399,Neijiang,CN,29.5835,105.0622,88.77,63,84,4.81,light rain,2022-08-01 04:16:08
400,Chapais,CA,49.7834,-74.8492,56.98,90,94,3.27,overcast clouds,2022-08-01 04:16:09
401,Sakakah,SA,29.9697,40.2064,87.37,20,83,3.33,broken clouds,2022-08-01 04:16:09
402,Ascension,US,30.2169,-90.9001,81.07,89,0,3.44,clear sky,2022-08-01 04:16:10
403,Valparaiso,CL,-33.0393,-71.6273,46.04,93,40,2.3,scattered clouds,2022-08-01 04:16:11
404,Keuruu,FI,62.2667,24.7,59.81,81,79,4.59,broken clouds,2022-08-01 04:16:11
405,Touros,BR,-5.1989,-35.4608,75.45,86,92,13.04,overcast clouds,2022-08-01 04:16:12
406,Yeppoon,AU,-23.1333,150.7333,69.58,69,98,7.61,overcast clouds,2022-08-01 04:16:12
407,Malibu,US,34.005,-118.8101,83.97,79,55,4.0,broken clouds,2022-08-01 04:15:29
408,Wichita,US,37.6922,-97.3375,82.15,74,75,9.22,broken clouds,2022-08-01 04:11:33
409,Narsaq,GL,60.9167,-46.05,48.42,88,100,2.17,overcast clouds,2022-08-01 04:16:14
410,Benalla,AU,-36.55,145.9833,51.85,78,96,7.0,overcast clouds,2022-08-01 04:16:14
411,Stratford-Upon-Avon,GB,52.1917,-1.7073,59.07,81,100,3.78,overcast clouds,2022-08-01 04:16:15
412,Aykhal,RU,66.0,111.5,53.24,91,100,13.65,overcast clouds,2022-08-01 04:16:16
413,Buchanan,LR,5.8808,-10.0467,75.29,87,98,9.64,light rain,2022-08-01 04:16:16
414,Brae,GB,60.3964,-1.353,52.09,82,95,11.23,overcast clouds,2022-08-01 04:15:03
415,Dalvik,IS,65.9702,-18.5286,44.53,98,100,5.77,overcast clouds,2022-08-01 04:16:17
416,Xudat,AZ,41.631,48.681,80.2,49,7,1.16,clear sky,2022-08-01 04:16:18
417,Hobyo,SO,5.3505,48.5268,76.33,81,0,20.94,clear sky,2022-08-01 04:16:19
418,Venice,US,27.0998,-82.4543,84.97,99,0,4.61,clear sky,2022-08-01 04:14:31
419,Souillac,MU,-20.5167,57.5167,71.98,78,75,12.66,broken clouds,2022-08-01 04:16:25
420,Norfolk,US,42.1668,-71.2495,75.67,73,0,4.61,clear sky,2022-08-01 04:16:26
421,Tambopata,PE,-12.7333,-69.1833,73.11,74,76,2.46,broken clouds,2022-08-01 04:16:26
422,Pangody,RU,65.85,74.4859,57.65,52,0,13.4,clear sky,2022-08-01 04:16:27
423,Caravelas,BR,-17.7125,-39.2481,69.78,88,63,6.31,broken clouds,2022-08-01 04:12:22
424,Upington,ZA,-28.4478,21.2561,48.58,43,0,4.61,clear sky,2022-08-01 04:16:28
425,Yaan,NG,7.3833,8.5667,70.99,98,100,6.42,light rain,2022-08-01 04:16:28
426,Wajir,KE,1.7471,40.0573,72.77,71,94,15.7,overcast clouds,2022-08-01 04:16:29
427,Dunedin,NZ,-45.8742,170.5036,48.79,72,80,5.3,broken clouds,2022-08-01 04:16:23
428,Maloy,NO,61.9353,5.1136,51.53,69,33,3.83,scattered clouds,2022-08-01 04:16:30
429,Muros,ES,42.7762,-9.0603,67.15,80,1,8.68,clear sky,2022-08-01 04:16:30
430,Mount Gambier,AU,-37.8333,140.7667,56.01,72,50,14.47,scattered clouds,2022-08-01 04:15:57
431,Bintulu,MY,3.1667,113.0333,90.01,66,20,3.44,few clouds,2022-08-01 04:16:31
432,Oum Hadjer,TD,13.2954,19.6966,74.66,87,100,6.71,moderate rain,2022-08-01 04:16:32
433,Rafaela,AR,-31.2503,-61.4867,54.99,52,3,4.81,clear sky,2022-08-01 04:16:33
434,Uttaradit,TH,17.6667,100.5,76.26,87,100,3.4,overcast clouds,2022-08-01 04:16:34
435,North Vernon,US,39.0062,-85.6236,72.72,88,20,5.35,few clouds,2022-08-01 04:16:34
436,Tigil,RU,57.8,158.6667,70.02,42,13,0.11,few clouds,2022-08-01 04:16:35
437,Port Lincoln,AU,-34.7333,135.8667,60.26,61,4,18.3,clear sky,2022-08-01 04:16:36
438,Kishi,NG,9.0833,3.85,70.14,92,98,9.01,overcast clouds,2022-08-01 04:16:36
439,Creel,MX,27.75,-107.6333,57.02,86,88,1.52,overcast clouds,2022-08-01 04:16:37
440,Gushikawa,JP,26.3544,127.8686,85.59,80,75,11.5,mist,2022-08-01 04:16:38
441,Olafsvik,IS,64.8945,-23.7142,47.88,71,43,7.76,scattered clouds,2022-08-01 04:16:38
442,Saint Anthony,US,45.0205,-93.218,78.93,76,0,14.97,clear sky,2022-08-01 04:16:39
443,Mogadouro,PT,41.3403,-6.7119,66.2,46,0,6.55,clear sky,2022-08-01 04:16:40
444,Okhotsk,RU,59.3833,143.3,58.68,87,100,8.05,overcast clouds,2022-08-01 04:16:40
445,Dos Quebradas,CO,4.8392,-75.6673,67.95,88,40,2.3,scattered clouds,2022-08-01 04:16:41
446,Changping,CN,40.2186,116.2197,89.24,43,0,5.77,clear sky,2022-08-01 04:16:41
447,Lensk,RU,60.7253,114.9278,68.68,78,99,6.02,overcast clouds,2022-08-01 04:16:43
448,San Quintin,MX,30.4833,-115.95,69.98,79,4,7.43,clear sky,2022-08-01 04:16:43
449,Bodden Town,KY,19.2833,-81.25,89.01,81,0,5.01,clear sky,2022-08-01 04:16:44
450,Agadez,NE,19.75,10.25,83.79,44,28,8.23,scattered clouds,2022-08-01 04:16:45
451,Jardim,BR,-21.4803,-56.1381,66.92,57,20,3.29,few clouds,2022-08-01 04:16:45
452,Dom Pedrito,BR,-30.9828,-54.6731,48.25,92,0,3.02,clear sky,2022-08-01 04:16:46
453,Qaqortoq,GL,60.7167,-46.0333,44.35,94,100,4.09,overcast clouds,2022-08-01 04:13:12
454,Copala,MX,16.65,-98.9833,78.8,87,91,3.24,overcast clouds,2022-08-01 04:16:47
455,Luebo,CD,-5.35,21.4167,69.75,62,4,0.96,clear sky,2022-08-01 04:16:48
456,Ullapool,GB,57.8987,-5.1604,46.35,90,63,4.65,broken clouds,2022-08-01 04:16:48
457,Tazmalt,DZ,36.3868,4.3989,77.04,56,0,3.62,clear sky,2022-08-01 04:16:49
458,Nanortalik,GL,60.1432,-45.2371,45.41,95,92,6.4,overcast clouds,2022-08-01 04:16:50
459,Nantucket,US,41.2835,-70.0995,75.99,89,0,8.05,clear sky,2022-08-01 04:16:50
460,Ulverstone,AU,-41.15,146.1667,47.21,87,87,21.05,light rain,2022-08-01 04:12:17
461,Ostrovnoy,RU,68.0531,39.5131,56.44,76,96,3.89,overcast clouds,2022-08-01 04:16:51
462,Tiksi,RU,71.6872,128.8694,40.08,94,100,17.4,overcast clouds,2022-08-01 04:13:43
463,Luwero,UG,0.8492,32.4731,62.42,96,80,1.41,broken clouds,2022-08-01 04:16:53
464,Padang,ID,-0.9492,100.3543,87.85,70,100,2.21,overcast clouds,2022-08-01 04:16:55
465,Tekeli,KZ,44.83,78.8239,74.88,37,26,6.4,scattered clouds,2022-08-01 04:16:55
466,Puri,IN,19.8,85.85,90.12,68,100,12.17,overcast clouds,2022-08-01 04:17:01
467,Calabozo,VE,8.9242,-67.4293,73.63,90,84,4.76,broken clouds,2022-08-01 04:17:01
468,Phonhong,LA,18.5007,102.4166,86.25,65,93,2.06,overcast clouds,2022-08-01 04:17:03
469,Egvekinot,RU,66.3167,-179.1667,54.36,49,29,4.54,scattered clouds,2022-08-01 04:17:04
470,Havre-Saint-Pierre,CA,50.2334,-63.5986,57.56,94,100,3.44,overcast clouds,2022-08-01 04:17:04
471,Cukai,MY,4.25,103.4167,87.75,60,100,5.99,overcast clouds,2022-08-01 04:17:05
472,Pisco,PE,-13.7,-76.2167,60.85,82,100,2.3,overcast clouds,2022-08-01 04:17:06
473,Anadyr,RU,64.75,177.4833,61.3,48,0,11.18,clear sky,2022-08-01 04:17:07
474,Mount Isa,AU,-20.7333,139.5,83.97,20,0,10.36,clear sky,2022-08-01 04:17:08
475,Paramonga,PE,-10.6667,-77.8333,61.47,88,14,7.94,few clouds,2022-08-01 04:17:08
476,Faanui,PF,-16.4833,-151.75,78.24,73,12,25.81,light rain,2022-08-01 04:17:09
477,Bolgatanga,GH,10.7856,-0.8514,72.03,91,100,6.22,overcast clouds,2022-08-01 04:17:10
478,Rapid Valley,US,44.0625,-103.1463,79.45,47,0,7.0,clear sky,2022-08-01 04:17:10
479,Porosozero,RU,62.7191,32.727,52.79,95,85,4.25,overcast clouds,2022-08-01 04:17:11
480,Itamaraca,BR,-7.7478,-34.8256,78.85,84,85,10.2,overcast clouds,2022-08-01 04:17:12
481,Bell Ville,AR,-32.6259,-62.6887,53.44,55,37,5.57,scattered clouds,2022-08-01 04:17:12
482,Nyurba,RU,63.2842,118.3319,76.78,58,100,6.31,overcast clouds,2022-08-01 04:17:13
483,Sinnamary,GF,5.3833,-52.95,78.01,86,94,6.69,overcast clouds,2022-08-01 04:17:13
484,Puerto Del Rosario,ES,28.5004,-13.8627,73.15,83,0,10.36,clear sky,2022-08-01 04:17:14
485,Linxia,CN,35.6003,103.2064,78.08,55,76,4.43,broken clouds,2022-08-01 04:17:15
486,Zambezi,ZM,-13.5432,23.1047,51.3,36,0,5.73,clear sky,2022-08-01 04:17:15
487,Vega De Alatorre,MX,20.0333,-96.6333,78.78,80,49,6.42,scattered clouds,2022-08-01 04:17:16
488,Atambua,ID,-9.1061,124.8925,83.46,57,70,4.07,broken clouds,2022-08-01 04:17:16
489,Kaifeng,CN,34.7911,114.3483,92.7,52,2,2.42,clear sky,2022-08-01 04:17:17
490,Manakara,MG,-22.1333,48.0167,63.68,92,9,4.03,clear sky,2022-08-01 04:17:18
491,Niquelandia,BR,-14.4739,-48.4597,68.94,28,0,1.16,clear sky,2022-08-01 04:17:18
492,Ahuimanu,US,21.4447,-157.8378,83.91,67,20,20.71,few clouds,2022-08-01 04:17:19
493,Jinji,CN,23.2281,110.8261,92.3,57,4,3.96,clear sky,2022-08-01 04:17:20
494,Cam Ranh,VN,11.9214,109.1591,89.56,58,0,6.91,clear sky,2022-08-01 04:17:20
495,Kirovskiy,RU,45.0917,133.5136,82.04,71,100,5.19,overcast clouds,2022-08-01 04:17:21
496,Chifeng,CN,42.2683,118.9636,91.94,32,6,4.12,clear sky,2022-08-01 04:17:22
497,Newport,GB,51.5877,-2.9984,61.45,81,100,5.21,overcast clouds,2022-08-01 04:17:23
498,Port Hedland,AU,-20.3167,118.5667,82.45,28,11,9.22,few clouds,2022-08-01 04:17:23
499,Barybino,RU,55.2677,37.8933,64.31,67,0,4.47,clear sky,2022-08-01 04:17:24
500,Yakeshi,CN,49.2833,120.7333,80.19,55,37,11.79,scattered clouds,2022-08-01 04:17:24
501,Mingyue,CN,43.1069,128.9217,85.66,60,100,1.5,overcast clouds,2022-08-01 04:17:25
502,Umba,RU,66.6871,34.3429,54.03,89,58,4.45,broken clouds,2022-08-01 04:17:26
503,Sidi Ali,DZ,36.0998,0.4206,73.65,88,0,2.53,clear sky,2022-08-01 04:17:26
504,San Carlos De Bariloche,AR,-41.1456,-71.3082,34.25,80,75,4.61,broken clouds,2022-08-01 04:15:59
505,Yar-Sale,RU,66.8333,70.8333,58.5,55,4,8.5,clear sky,2022-08-01 04:17:27
506,Launceston,AU,-41.45,147.1667,51.44,80,75,21.85,light rain,2022-08-01 04:14:05
507,Barreirinha,BR,-2.7933,-57.07,72.84,95,31,2.91,scattered clouds,2022-08-01 04:17:28
508,Atyrau,KZ,47.1167,51.8833,86.02,28,0,4.47,clear sky,2022-08-01 04:17:29
509,Tsumeb,NA,-19.2333,17.7167,55.13,35,0,3.49,clear sky,2022-08-01 04:17:29
510,Bryant,US,34.5959,-92.4891,78.3,87,100,5.48,overcast clouds,2022-08-01 04:17:30
511,Belaya Gora,RU,68.5333,146.4167,84.69,34,74,10.2,broken clouds,2022-08-01 04:17:30
512,Oranjemund,NA,-28.55,16.4333,52.14,49,0,11.61,clear sky,2022-08-01 04:17:31
513,Turukhansk,RU,65.8167,87.9833,59.68,55,92,14.99,overcast clouds,2022-08-01 04:17:37
514,Manzhouli,CN,49.6,117.4333,84.99,31,13,8.52,few clouds,2022-08-01 04:17:38
515,Kuusamo,FI,65.9667,29.1833,55.44,88,0,1.14,clear sky,2022-08-01 04:17:38
516,Garissa,KE,-0.4536,39.6401,71.2,83,19,13.24,few clouds,2022-08-01 04:17:39
517,Tutoia,BR,-2.7619,-42.2744,77.04,88,71,10.58,broken clouds,2022-08-01 04:17:41
518,Salaspils,LV,56.8601,24.3654,59.72,97,100,10.94,moderate rain,2022-08-01 04:17:42
519,Buenavista,PH,8.9769,125.4089,86.85,60,100,1.43,overcast clouds,2022-08-01 04:17:43
520,Nome,US,64.5011,-165.4064,58.15,72,100,12.66,overcast clouds,2022-08-01 04:17:43
521,Guerrero Negro,MX,27.9769,-114.0611,72.81,74,55,13.87,broken clouds,2022-08-01 04:17:44
522,Morris,US,40.8334,-74.5329,75.61,83,100,4.61,overcast clouds,2022-08-01 04:17:45
523,Cap Malheureux,MU,-19.9842,57.6142,72.46,74,0,5.99,clear sky,2022-08-01 04:17:45
524,Tezu,IN,27.9167,96.1667,78.76,92,100,0.43,overcast clouds,2022-08-01 04:17:46
525,Bengkulu,ID,-3.8004,102.2655,84.33,67,45,4.7,scattered clouds,2022-08-01 04:17:47
526,Rondonopolis,BR,-16.4708,-54.6356,70.18,36,0,1.57,clear sky,2022-08-01 04:17:47
527,Poum,NC,-20.2333,164.0167,73.62,72,91,10.6,overcast clouds,2022-08-01 04:17:48
528,Altamont,US,42.2068,-121.7372,82.24,32,0,5.75,clear sky,2022-08-01 04:17:48
529,Talmenka,RU,53.8183,83.5677,71.38,48,84,9.06,broken clouds,2022-08-01 04:17:49
530,Goya,AR,-29.14,-59.2626,53.73,80,0,4.38,clear sky,2022-08-01 04:17:50
531,Porto Uniao,BR,-26.2381,-51.0783,46.53,88,1,0.98,clear sky,2022-08-01 04:17:50
532,Kashi,CN,39.4547,75.9797,78.01,29,20,8.95,few clouds,2022-08-01 04:17:51
533,Ust-Nera,RU,64.5667,143.2,79.9,43,68,5.93,broken clouds,2022-08-01 04:17:51
534,Ringsted,DK,55.4426,11.7901,61.79,97,100,4.74,overcast clouds,2022-08-01 04:15:26
535,Urdoma,RU,61.7533,48.5442,62.65,90,47,4.29,scattered clouds,2022-08-01 04:17:52
536,Denpasar,ID,-8.65,115.2167,82.06,83,20,5.75,few clouds,2022-08-01 04:17:53
537,Cabedelo,BR,-6.9811,-34.8339,74.07,83,81,11.39,broken clouds,2022-08-01 04:17:54
538,Qasigiannguit,GL,68.8193,-51.1922,53.85,95,81,4.36,broken clouds,2022-08-01 04:17:54
539,Nola,IT,40.922,14.5329,80.38,46,1,5.41,clear sky,2022-08-01 04:15:57
540,Maragogi,BR,-9.0122,-35.2225,73.76,86,8,10.18,clear sky,2022-08-01 04:17:55
541,Ca Mau,VN,9.1769,105.15,84.61,75,100,6.31,overcast clouds,2022-08-01 04:13:51
542,Abaete,BR,-19.16,-45.4458,64.9,56,5,2.73,clear sky,2022-08-01 04:17:56
543,College,US,64.8569,-147.8028,67.21,69,75,8.05,broken clouds,2022-08-01 04:17:57
544,Zharkent,KZ,44.1628,80.0,82.2,32,74,3.98,broken clouds,2022-08-01 04:17:57
545,La Paz,BO,-16.5,-68.15,33.78,27,0,2.3,clear sky,2022-08-01 04:17:58
546,Sistranda,NO,63.7256,8.834,51.76,86,100,8.08,light rain,2022-08-01 04:17:59
547,Noyabrsk,RU,63.1994,75.4507,58.05,52,0,17.22,clear sky,2022-08-01 04:18:00
548,Santa Lucia,ES,27.9117,-15.5407,65.52,78,20,20.71,few clouds,2022-08-01 04:13:38
549,Quelimane,MZ,-17.8786,36.8883,66.65,92,10,2.77,clear sky,2022-08-01 04:18:01
550,Santiago De Puringla,HN,14.3585,-87.9032,64.62,99,88,3.69,overcast clouds,2022-08-01 04:18:01
551,Koumac,NC,-20.5667,164.2833,75.85,67,90,9.91,overcast clouds,2022-08-01 04:18:02
552,Banepa,NP,27.6298,85.5214,73.72,88,75,2.3,broken clouds,2022-08-01 04:18:03
553,Mudgal,IN,16.0167,76.4333,83.73,60,93,11.9,overcast clouds,2022-08-01 04:18:04
554,Joshimath,IN,30.5667,79.5667,75.97,79,98,4.99,overcast clouds,2022-08-01 04:18:04
555,Bindi,SL,9.9167,-11.45,70.34,99,100,4.68,overcast clouds,2022-08-01 04:18:05
556,Lasa,IT,46.6166,10.7002,63.48,85,0,4.54,clear sky,2022-08-01 04:18:06
557,Peace River,CA,56.2501,-117.286,68.31,72,75,9.22,broken clouds,2022-08-01 04:15:54
558,Bundaberg,AU,-24.85,152.35,70.21,67,100,5.01,light rain,2022-08-01 04:18:07
559,Alice Springs,AU,-23.7,133.8833,69.35,26,40,8.05,scattered clouds,2022-08-01 04:18:08
560,Cikupa,ID,-6.2364,106.5083,92.91,50,91,7.07,overcast clouds,2022-08-01 04:18:14
561,Nouadhibou,MR,20.931,-17.0347,75.18,78,5,5.75,clear sky,2022-08-01 04:18:14
562,Loandjili,CG,-4.7561,11.8578,68.43,95,23,4.88,few clouds,2022-08-01 04:18:15
563,Lishui,CN,28.4604,119.9103,95.65,51,100,0.85,overcast clouds,2022-08-01 04:18:16
564,Eslamshahr,IR,35.5605,51.2346,83.64,44,20,13.8,few clouds,2022-08-01 04:18:16
565,La Peca,PE,-5.6111,-78.435,68.47,81,50,3.42,scattered clouds,2022-08-01 04:18:17
566,Saurimo,AO,-9.6608,20.3916,58.86,37,1,4.41,clear sky,2022-08-01 04:18:17
567,Charters Towers,AU,-20.1,146.2667,78.37,46,1,9.44,clear sky,2022-08-01 04:18:18
568,Euclides Da Cunha,BR,-10.5075,-39.0158,63.46,99,30,6.89,scattered clouds,2022-08-01 04:18:19
569,Jammalamadugu,IN,14.8333,78.4,90.68,52,85,5.12,overcast clouds,2022-08-01 04:18:20
570,Kasangulu,CD,-4.5911,15.1708,66.02,81,64,4.79,broken clouds,2022-08-01 04:18:21
571,Tahe,CN,52.3333,124.7333,84.09,35,1,7.05,clear sky,2022-08-01 04:18:21
572,Opuwo,NA,-18.0607,13.84,44.78,71,15,4.16,few clouds,2022-08-01 04:18:22
573,Taga,RO,46.95,24.05,63.32,92,100,4.27,overcast clouds,2022-08-01 04:18:23
574,Ngunguru,NZ,-35.6167,174.5,58.6,55,11,7.31,few clouds,2022-08-01 04:18:23
575,Auki,SB,-8.7676,160.7034,84.79,67,30,7.07,scattered clouds,2022-08-01 04:18:24
576,Akdepe,TM,42.0551,59.3788,82.49,33,34,7.9,scattered clouds,2022-08-01 04:18:25
577,Talara,PE,-4.5772,-81.2719,63.1,87,57,14.34,broken clouds,2022-08-01 04:18:27
578,Trorod,DK,55.8395,12.5443,61.9,95,99,5.95,light rain,2022-08-01 04:18:27
579,Guane,CU,22.2025,-84.0875,77.32,73,3,5.19,clear sky,2022-08-01 04:18:28
580,Marsa Matruh,EG,31.3525,27.2453,77.38,84,0,12.1,clear sky,2022-08-01 04:18:29
581,Ugoofaaru,MV,5.6667,73.0,80.35,69,100,28.66,light rain,2022-08-01 04:18:29
582,Tecoanapa,MX,16.5167,-98.75,80.46,83,88,5.66,overcast clouds,2022-08-01 04:18:30
583,Tulum,MX,20.2167,-87.4667,79.25,89,4,6.15,clear sky,2022-08-01 04:18:31
584,Bahia Honda,CU,22.9036,-83.1592,79.07,87,7,7.65,light rain,2022-08-01 04:18:31
585,Maharajganj,IN,27.1333,83.5667,87.8,66,90,5.06,overcast clouds,2022-08-01 04:18:32
586,Mackay,AU,-21.15,149.2,74.68,74,3,7.02,clear sky,2022-08-01 04:18:16
587,Nisko,PL,50.5199,22.1397,59.52,93,100,6.67,overcast clouds,2022-08-01 04:18:33
588,Erdenet,MN,49.0333,104.0833,76.51,44,19,6.33,few clouds,2022-08-01 04:18:33
589,Emba,KZ,48.8264,58.1442,78.57,38,99,1.68,overcast clouds,2022-08-01 04:18:34
590,Nokaneng,BW,-19.6667,22.2667,53.65,26,0,6.69,clear sky,2022-08-01 04:18:35
591,Lugovoy,KZ,42.9472,72.7644,80.38,32,7,3.02,clear sky,2022-08-01 04:18:36
592,Conceicao Do Araguaia,BR,-8.2578,-49.2647,72.82,68,33,1.28,scattered clouds,2022-08-01 04:18:36
593,Sahuaripa,MX,29.05,-109.2333,78.51,76,36,5.44,scattered clouds,2022-08-01 04:18:37
594,Salt,JO,32.0392,35.7272,72.68,38,0,1.88,clear sky,2022-08-01 04:18:37
595,Saint-Joseph,RE,-21.3667,55.6167,68.38,73,24,4.83,few clouds,2022-08-01 04:18:38
596,Goroka,PG,-6.0834,145.3873,76.96,54,100,4.76,overcast clouds,2022-08-01 04:18:39
597,Keokuk,US,40.3973,-91.3849,78.1,94,75,4.61,broken clouds,2022-08-01 04:18:39
598,Lewisporte,CA,49.2499,-55.0482,67.71,73,65,9.31,broken clouds,2022-08-01 04:18:40
599,Uige,AO,-7.6087,15.0613,57.47,95,30,2.64,scattered clouds,2022-08-01 04:18:40
600,Madang,PG,-5.2246,145.7966,86.22,66,100,9.24,overcast clouds,2022-08-01 04:18:41
601,Deputatskiy,RU,69.3,139.9,74.19,52,99,15.03,light rain,2022-08-01 04:18:42
602,Ixtapa,MX,20.7,-105.2,76.23,94,100,9.22,overcast clouds,2022-08-01 04:14:30
603,Contai,IN,21.7786,87.7536,89.51,62,100,11.48,overcast clouds,2022-08-01 04:18:48
604,Dobryanka,RU,58.4619,56.4165,65.59,84,96,5.73,overcast clouds,2022-08-01 04:18:49
605,Kampong Thum,KH,12.7111,104.8887,85.42,75,97,5.53,moderate rain,2022-08-01 04:18:49
606,Los Llanos De Aridane,ES,28.6585,-17.9182,67.75,95,20,11.5,few clouds,2022-08-01 04:18:50
607,Samarai,PG,-10.6167,150.6667,81.41,76,10,11.36,clear sky,2022-08-01 04:18:50
608,Saryozek,KZ,44.3583,77.9753,78.22,33,78,3.78,broken clouds,2022-08-01 04:18:51
609,Lavumisa,SZ,-27.31,31.892,59.11,72,100,5.57,overcast clouds,2022-08-01 04:18:52
610,Nipawin,CA,53.3668,-104.0009,57.24,100,20,4.61,few clouds,2022-08-01 04:18:52
611,Polson,US,47.6936,-114.1632,78.22,28,0,2.3,clear sky,2022-08-01 04:18:53
612,Haapsalu,EE,58.9431,23.5414,62.55,78,76,9.53,broken clouds,2022-08-01 04:18:54
613,Wajima,JP,37.4,136.9,95.68,55,40,8.05,scattered clouds,2022-08-01 04:18:54
614,Kloulklubed,PW,7.0419,134.2556,79.3,79,100,10.56,moderate rain,2022-08-01 04:18:55
615,Solnechnyy,RU,50.7214,136.6319,82.2,58,97,8.05,overcast clouds,2022-08-01 04:18:56
616,Neiafu,TO,-18.65,-173.9833,81.28,83,40,8.05,scattered clouds,2022-08-01 04:18:56
617,Soyo,AO,-6.1349,12.3689,68.36,94,35,8.39,scattered clouds,2022-08-01 04:18:57
618,Dicabisagan,PH,17.0818,122.4157,86.13,71,100,8.23,moderate rain,2022-08-01 04:18:58
619,Makakilo City,US,21.3469,-158.0858,82.72,57,20,20.71,few clouds,2022-08-01 04:18:59
620,Mandiana,GN,10.6333,-8.6833,71.01,96,91,2.59,light rain,2022-08-01 04:18:59
621,Guantanamo,CU,20.1444,-75.2092,83.77,84,42,4.27,scattered clouds,2022-08-01 04:19:00
622,Kupang,ID,-10.1667,123.5833,84.4,61,51,6.17,broken clouds,2022-08-01 04:19:00
623,Aksarka,RU,66.5606,67.7975,60.96,53,37,7.2,scattered clouds,2022-08-01 04:19:01
624,Kastamonu,TR,41.5,33.6667,64.2,79,35,2.17,scattered clouds,2022-08-01 04:19:02
625,General Roca,AR,-39.0333,-67.5833,48.22,59,95,4.68,overcast clouds,2022-08-01 04:15:43
626,Alofi,NU,-19.0595,-169.9187,78.69,78,40,10.36,scattered clouds,2022-08-01 04:19:03
627,Waingapu,ID,-9.6567,120.2641,84.16,62,33,10.02,scattered clouds,2022-08-01 04:19:03
628,Bondoukou,CI,8.0333,-2.8,68.18,98,100,8.61,light rain,2022-08-01 04:19:04
629,Macusani,PE,-14.0833,-70.4333,36.37,61,8,2.37,clear sky,2022-08-01 04:19:04
630,Juegang,CN,32.3174,121.1855,92.98,68,3,8.12,clear sky,2022-08-01 04:19:05
631,Toppenish,US,46.3774,-120.3087,94.08,15,46,4.27,scattered clouds,2022-08-01 04:19:06
632,Placido De Castro,BR,-10.3353,-67.1856,75.16,58,4,2.55,clear sky,2022-08-01 04:19:06
633,Mount Pleasant,US,32.7941,-79.8626,83.98,85,0,9.22,clear sky,2022-08-01 04:17:25
634,Sisimiut,GL,66.9395,-53.6735,44.37,83,39,2.95,scattered clouds,2022-08-01 04:19:07
635,Kirakira,SB,-10.4544,161.9205,83.41,74,18,10.76,few clouds,2022-08-01 04:19:08
636,Yulara,AU,-25.2406,130.9889,71.29,26,40,10.87,scattered clouds,2022-08-01 04:19:09
637,Mana,GF,5.6592,-53.7767,77.09,89,73,6.4,broken clouds,2022-08-01 04:19:10
638,Le Port,RE,-20.9373,55.2919,72.25,60,7,8.08,clear sky,2022-08-01 04:19:10
639,Sabang,ID,5.8933,95.3214,82.85,73,100,16.93,overcast clouds,2022-08-01 04:19:11
640,Qui Nhon,VN,13.7667,109.2333,86.81,64,100,2.33,overcast clouds,2022-08-01 04:19:11
641,Lake Mary,US,28.7589,-81.3178,83.01,87,0,4.61,clear sky,2022-08-01 04:15:04
642,Sassandra,CI,4.95,-6.0833,74.05,81,100,9.8,overcast clouds,2022-08-01 04:17:58
643,Kudat,MY,6.8837,116.8477,84.13,79,20,4.61,few clouds,2022-08-01 04:19:13
644,Kumano,JP,34.3442,132.5894,90.52,68,24,8.01,few clouds,2022-08-01 04:19:13
645,Hopkinton,US,41.4612,-71.7776,74.84,79,20,0.0,few clouds,2022-08-01 04:19:14
646,Stokmarknes,NO,68.5646,14.9108,55.36,94,0,2.3,clear sky,2022-08-01 04:19:15
647,Sao Joao Da Barra,BR,-21.6403,-41.0511,66.56,78,0,4.03,clear sky,2022-08-01 04:19:15
648,Penzance,GB,50.1186,-5.5371,59.68,82,92,8.99,overcast clouds,2022-08-01 04:19:16
649,Larsnes,NO,62.2028,5.5773,52.45,86,45,4.25,scattered clouds,2022-08-01 04:19:16
650,Miracema,BR,-21.4122,-42.1967,59.5,91,0,2.17,clear sky,2022-08-01 04:19:14
651,Palatka,US,29.6486,-81.6376,80.46,87,3,4.72,clear sky,2022-08-01 04:19:23
652,Sept-Iles,CA,50.2001,-66.3821,66.63,95,75,2.3,broken clouds,2022-08-01 04:19:23
653,Ucluelet,CA,48.9329,-125.5528,59.09,91,24,6.51,few clouds,2022-08-01 04:15:54
654,Luba,GQ,3.4568,8.5547,76.78,84,99,11.5,light rain,2022-08-01 04:19:25
655,Shetpe,KZ,44.1667,52.1167,82.31,28,8,8.57,clear sky,2022-08-01 04:19:25
656,Caiaponia,BR,-16.9567,-51.8103,66.97,34,0,1.72,clear sky,2022-08-01 04:19:26
657,Vicuna,CL,-30.0319,-70.7081,44.33,61,81,1.86,broken clouds,2022-08-01 04:19:27
658,Inhambane,MZ,-23.865,35.3833,62.58,100,20,4.61,few clouds,2022-08-01 04:19:27
659,Ous,RU,60.9058,61.5186,64.36,50,100,5.53,overcast clouds,2022-08-01 04:19:28
660,That Phanom,TH,16.9364,104.7104,86.02,67,83,5.46,broken clouds,2022-08-01 04:19:28
661,Villamontes,BO,-21.25,-63.5,66.51,51,45,3.71,scattered clouds,2022-08-01 04:19:29
662,Chilmari,BD,25.5559,89.6715,78.57,92,100,10.96,light rain,2022-08-01 04:19:30
663,Villanueva,HN,15.3167,-88.0,79.79,83,75,6.91,thunderstorm,2022-08-01 04:19:31
664,Sawtell,AU,-30.3833,153.1,68.18,63,97,9.22,overcast clouds,2022-08-01 04:19:31
665,Znamenskoye,RU,57.1281,73.8282,62.22,65,88,9.24,overcast clouds,2022-08-01 04:19:11
666,Araouane,ML,18.9048,-3.5265,89.35,40,78,15.93,broken clouds,2022-08-01 04:19:33
667,Quatre Cocos,MU,-20.2078,57.7625,72.09,79,6,11.81,light rain,2022-08-01 04:19:34
668,Lashio,MM,22.9333,97.75,75.7,91,100,0.65,overcast clouds,2022-08-01 04:19:34
669,Capiibary,PY,-24.8,-56.0333,59.23,70,2,1.5,clear sky,2022-08-01 04:19:35
670,Raga,SS,8.4596,25.678,67.62,96,100,6.51,overcast clouds,2022-08-01 04:19:36
671,Tateyama,JP,34.9833,139.8667,85.41,76,64,15.21,broken clouds,2022-08-01 04:19:37
672,Sarh,TD,9.1429,18.3923,71.19,96,99,3.65,overcast clouds,2022-08-01 04:19:37
673,Polis,CY,35.0367,32.4264,76.82,53,0,1.79,clear sky,2022-08-01 04:19:38
674,Aripuana,BR,-9.1667,-60.6333,73.99,50,23,2.06,few clouds,2022-08-01 04:19:38
675,Mayumba,GA,-3.432,10.6554,68.81,95,72,5.93,broken clouds,2022-08-01 04:19:39
676,Maraa,BR,-1.8333,-65.3667,73.42,86,51,3.29,broken clouds,2022-08-01 04:19:40
677,Rodos,GR,36.4408,28.2225,80.26,57,0,13.0,clear sky,2022-08-01 04:19:40
678,Filingue,NE,14.3521,3.3168,78.58,61,97,11.95,overcast clouds,2022-08-01 04:19:41
679,Iqaluit,CA,63.7506,-68.5145,47.93,81,75,0.0,broken clouds,2022-08-01 04:19:41
680,Kununurra,AU,-15.7667,128.7333,91.38,16,38,3.44,scattered clouds,2022-08-01 04:19:42
681,Nador,MA,35.174,-2.9287,78.87,93,22,5.44,few clouds,2022-08-01 04:19:43
682,Port Hawkesbury,CA,45.6169,-61.3485,68.59,77,0,6.91,clear sky,2022-08-01 04:19:43
683,Skjervoy,NO,70.0311,20.9714,55.4,76,64,0.89,broken clouds,2022-08-01 04:19:44
684,Monte Azul,BR,-15.155,-42.8747,68.0,74,75,7.56,broken clouds,2022-08-01 04:19:44
685,Conde,BR,-7.2597,-34.9075,72.86,94,75,4.61,broken clouds,2022-08-01 04:19:45
686,Fereydun Kenar,IR,36.6864,52.5225,80.82,83,0,0.0,clear sky,2022-08-01 04:19:45
687,Trinidad,BO,-14.8333,-64.9,72.05,61,0,0.72,clear sky,2022-08-01 04:19:46
688,Yenotayevka,RU,47.2456,47.0281,81.32,47,5,4.54,clear sky,2022-08-01 04:19:47
689,Kuryk,KZ,43.2,51.65,82.27,38,0,5.91,clear sky,2022-08-01 04:19:47
690,Medeiros Neto,BR,-17.3739,-40.2206,67.44,92,92,6.04,overcast clouds,2022-08-01 04:19:48
691,Gashua,NG,12.871,11.0482,79.68,59,100,5.97,overcast clouds,2022-08-01 04:19:48
692,Utmanzai,PK,34.188,71.7629,77.61,74,8,3.76,clear sky,2022-08-01 04:19:49
693,Acarau,BR,-2.8856,-40.12,76.87,86,2,14.65,clear sky,2022-08-01 04:19:50
694,Nagato,JP,34.3833,131.2,88.74,62,93,21.68,overcast clouds,2022-08-01 04:19:51
695,Baykit,RU,61.67,96.37,66.04,86,100,4.29,light rain,2022-08-01 04:19:51
696,Coahuayana,MX,18.7333,-103.6833,79.07,84,96,1.36,overcast clouds,2022-08-01 04:19:52
697,Jumla,NP,29.2747,82.1838,67.17,84,99,2.77,overcast clouds,2022-08-01 04:15:04
698,Meulaboh,ID,4.1363,96.1285,84.18,68,100,6.42,heavy intensity rain,2022-08-01 04:19:58
